timestamp,sm_mhz,mem_mhz,power_w,temp_c,util_pct,throttle
2026/09/25 02:12:19.689, 210, 405, 26.13, 36, 29, 0x0000000000000001
2026/09/25 02:12:20.014, 2565, 11201, 27.06, 36, 38, 0x0000000000000001
2026/09/25 02:12:20.356, 2565, 11201, 27.06, 36, 38, 0x0000000000000001
2026/09/25 02:12:20.698, 2805, 11201, 102.78, 53, 98, 0x0000000000000000
2026/09/25 02:12:21.007, 2805, 11201, 201.81, 56, 98, 0x0000000000000000
2026/09/25 02:12:21.314, 2805, 11201, 201.81, 56, 98, 0x0000000000000000
2026/09/25 02:12:21.624, 2805, 11201, 246.08, 56, 99, 0x0000000000000000
2026/09/25 02:12:21.931, 2805, 11201, 246.08, 56, 99, 0x0000000000000000
2026/09/25 02:12:22.243, 2820, 11201, 202.40, 43, 97, 0x0000000000000000
