timestamp,sm_mhz,mem_mhz,power_w,temp_c,util_pct,throttle
2026/09/26 05:53:25.084, 825, 5001, 40.42, 37, 7, 0x0000000000000001
2026/09/26 05:53:25.408, 825, 5001, 40.42, 37, 7, 0x0000000000000001
2026/09/26 05:53:25.717, 2565, 11201, 67.14, 46, 97, 0x0000000000000001
2026/09/26 05:53:26.038, 2805, 11201, 146.57, 52, 97, 0x0000000000000000
2026/09/26 05:53:26.361, 2805, 11201, 146.57, 52, 97, 0x0000000000000000
2026/09/26 05:53:26.683, 2805, 11201, 211.57, 53, 97, 0x0000000000000000
2026/09/26 05:53:27.003, 2820, 11201, 184.54, 42, 4, 0x0000000000000000
2026/09/26 05:53:27.371, 2820, 11201, 184.54, 42, 4, 0x0000000000000000
2026/09/26 05:53:27.737, 2820, 11201, 118.49, 40, 49, 0x0000000000000000
2026/09/26 05:53:28.095, 2820, 11201, 78.45, 40, 100, 0x0000000000000000
2026/09/26 05:53:28.495, 2820, 11201, 90.77, 42, 58, 0x0000000000000000
2026/09/26 05:53:28.895, 2820, 11201, 90.77, 42, 58, 0x0000000000000000
2026/09/26 05:53:29.372, 2820, 11201, 117.24, 44, 100, 0x0000000000000000
2026/09/26 05:53:29.800, 2820, 11201, 127.26, 41, 3, 0x0000000000000000
2026/09/26 05:53:30.215, 2820, 11201, 94.16, 39, 3, 0x0000000000000000
2026/09/26 05:53:30.611, 2820, 11201, 64.49, 39, 4, 0x0000000000000000
2026/09/26 05:53:30.962, 2820, 11201, 64.20, 39, 3, 0x0000000000000000
2026/09/26 05:53:31.331, 2820, 11201, 64.20, 39, 3, 0x0000000000000000
